"Incident ID","Incident Date",State,"City Or County",Address,"Victims Killed","Victims Injured","Suspects Killed","Suspects Injured","Suspects Arrested",Operations
2779489,"December 15, 2023",Tennessee,Memphis,"3941 Riverdale Rd",2,3,0,0,0,N/A
2779098,"December 14, 2023",Illinois,Ashland,"308 Philadelphia Rd",3,1,1,0,0,N/A
2778224,"December 12, 2023",Indiana,Madison,"1623 E Telegraph Hill Rd",4,0,0,0,0,N/A
2775971,"December 11, 2023",Nevada,"Las Vegas","7545 Oso Blanca Rd",3,1,1,0,0,N/A
2775245,"December 10, 2023",Pennsylvania,Philadelphia,"2200 block of N Chadwick St",2,2,0,0,0,N/A
2775006,"December 9, 2023",Georgia,Atlanta,"3005 Peachtree Rd NE",3,1,0,0,0,N/A
2773914,"December 6, 2023",Colorado,Peyton,"21885 Akawi Way",3,1,1,0,0,N/A
2772021,"December 6, 2023",Nevada,"Las Vegas","4505 S Maryland Pkwy",3,1,1,0,0,N/A
2771255,"December 5, 2023",Texas,Austin,"7104 Berkman Dr",6,3,0,0,1,N/A
2770296,"December 4, 2023","South Carolina",Lugoff,I-20,1,4,0,0,0,N/A
2769819,"December 3, 2023",Texas,Dallas,"9700 block of Royce Dr",4,1,1,0,0,N/A
2769728,"December 3, 2023",Texas,Houston,"4913 Griggs Rd",1,3,0,0,0,N/A
2770132,"December 3, 2023",Washington,Vancouver,"11511 NE 92nd St",4,0,1,0,0,N/A
2769880,"December 2, 2023",Ohio,Columbus,"400 block of N Ohio Ave",0,4,0,0,0,N/A
2770501,"December 2, 2023",Ohio,Cleveland,"2200 block of St Clair Ave",0,4,0,0,0,N/A
2769574,"December 2, 2023",Mississippi,Mccomb,"560 Presley Blvd",0,5,0,0,0,N/A
2769181,"December 2, 2023",California,Fresno,"4300 block of E Olive Ave",2,2,0,0,1,N/A
2769379,"December 2, 2023",Colorado,Aurora,"1300 block of Joliet St",0,4,0,0,1,N/A
2768663,"December 1, 2023",Nevada,"Las Vegas","E Charleston Blvd and N Honolulu St",1,4,0,0,0,N/A
2767813,"November 29, 2023","North Carolina",Lexington,"7000 block of NC-8",0,5,0,0,1,N/A
2767246,"November 29, 2023",Illinois,Chicago,"3600 block of W Flournoy St",1,3,0,0,1,N/A
2764105,"November 26, 2023","North Carolina","Winston Salem (Winston-salem)","3533 N Glenn Ave",0,4,0,1,1,N/A
2766505,"November 25, 2023",California,Fontana,"15500 block of Eastwind Ave",3,1,0,0,1,N/A
2763545,"November 23, 2023",Tennessee,Memphis,"2707 Kimball Ave",0,4,0,0,0,N/A
2762964,"November 23, 2023",Georgia,Decatur,"3000 block of Cascade Manor Dr",0,4,0,0,0,N/A
2762712,"November 23, 2023",Illinois,Chicago,"2000 block of W Monroe St",0,5,0,0,0,N/A
2762803,"November 22, 2023","North Carolina",Lumberton,"111 W 3rd St",0,6,0,0,1,N/A
2762681,"November 22, 2023",Mississippi,Goodman,"7213 US-51",1,3,0,0,0,N/A
2761566,"November 21, 2023",Pennsylvania,Philadelphia,"3200 block of Fairhill St",2,5,0,0,0,N/A
2760537,"November 20, 2023",Ohio,"Fairborn (Beavercreek)","3360 Pentagon Blvd",0,4,1,0,0,N/A
2760730,"November 20, 2023",Colorado,Westcliffe,"173 Rocky Ridge Rd",3,1,0,0,1,N/A
2759654,"November 19, 2023",Texas,"Port Arthur","4400 block of Griffing Dr",0,5,0,0,0,N/A
2758871,"November 18, 2023",Tennessee,Memphis,"3636 Field Lark Dr",4,1,1,0,0,N/A
2759002,"November 18, 2023",Arkansas,"Little Rock","7101 W 12th St",1,3,0,0,0,N/A
2759046,"November 18, 2023",California,"Spring Valley","9034 Ildica St",0,5,0,0,0,N/A
2757292,"November 16, 2023",Ohio,Willoughby,"7166 Mentor Ave",3,1,1,0,0,N/A
2755393,"November 14, 2023",Massachusetts,Springfield,"31 Morgan St",1,3,0,0,0,N/A
2753283,"November 12, 2023",Washington,Puyallup,"11500 152nd St E",0,6,0,0,0,N/A
2753565,"November 12, 2023",Texas,Pearland,"1014 N Main St",1,4,0,0,1,N/A
2753236,"November 11, 2023",Virginia,Portsmouth,"3500 block of Commonwealth Ave",0,4,0,0,0,N/A
2752316,"November 10, 2023",Alabama,Birmingham,"I-59 and Bush Blvd",0,4,0,0,0,N/A
2752208,"November 10, 2023",Missouri,Independence,"18801 East 39th St S",0,4,0,0,1,N/A
2747768,"November 5, 2023",Arizona,Phoenix,"4300 N 21st Dr",0,4,0,0,0,N/A
2747938,"November 5, 2023",Indiana,Indianapolis,"5905 Madison Ave",1,5,0,0,0,N/A
2748473,"November 5, 2023",Texas,Hempstead,"35028 Cameron Rd",0,7,0,0,0,N/A
2748157,"November 5, 2023",Georgia,Atlanta,"1090 Redford Dr SE",0,6,0,0,0,N/A
2748070,"November 5, 2023",Washington,Tacoma,"2708 6th Ave",2,3,0,0,1,N/A
2747734,"November 5, 2023",Colorado,Denver,"5514 E 33rd Ave",2,3,0,2,2,N/A
2747153,"November 4, 2023",Ohio,"Cleveland (Richmond Heights)","500 block of Towne Ln",1,3,0,0,1,N/A
2748287,"November 4, 2023",Texas,Galveston,"2100 block of The Strand",0,6,0,0,1,N/A
2746785,"November 3, 2023",Ohio,Cincinnati,"Jones St and Wade St",1,5,0,0,0,N/A
2744799,"November 1, 2023",Texas,Dallas,"2300 block of 2nd Ave",0,5,0,0,0,N/A
2745105,"October 31, 2023",California,Salinas,"301 Chaparral St",0,7,0,0,0,N/A
2743289,"October 30, 2023",Minnesota,Minneapolis,"901 Cedar Ave",0,4,0,0,0,N/A
2742160,"October 29, 2023",Georgia,Atlanta,"120 Piedmont Ave NE",1,3,0,0,0,N/A
2743711,"October 29, 2023","North Carolina",Wilson,"2331 US-301 S",0,4,0,0,1,N/A
2742403,"October 29, 2023",Kansas,"Dodge City","207 E Wyatt Earp Blvd",2,2,0,0,1,N/A
2742030,"October 29, 2023",Florida,Tampa,"1600 block of E 7th Ave",2,15,0,0,3,N/A
2742012,"October 29, 2023",Indiana,Indianapolis,"5172 E 65th St",1,9,0,0,0,N/A
2743269,"October 29, 2023",Mississippi,Wiggins,"195 Old Hwy 49 S",1,3,0,0,2,N/A
2742143,"October 29, 2023",Illinois,Chicago,"1258 S Pulaski Rd",0,15,0,0,1,N/A
2743031,"October 29, 2023",California,Azusa,"5400 block of N Banewell Ave",0,4,0,0,0,N/A
2742231,"October 28, 2023",Louisiana,"Lake Charles","Bruce Dr and Opelousas St",0,6,0,0,1,N/A
2742572,"October 28, 2023","New Mexico","Las Cruces","3000 block of Dyer St",0,7,0,0,0,N/A
2741772,"October 28, 2023",Maryland,Cumberland,"20 S Mechanic St",1,3,0,0,0,N/A
2742471,"October 28, 2023",California,"Chula Vista","2015 Birch Rd",0,4,0,0,1,N/A
2742414,"October 28, 2023",Georgia,Decatur,"3300 block of Glenwood Rd",0,4,0,0,0,N/A
2741949,"October 28, 2023",Texas,Texarkana,"700 block of N Stateline Ave",3,3,0,0,2,N/A
2741453,"October 28, 2023",Illinois,Chicago,"2000 block of N Lorel Ave",0,4,0,0,0,N/A
2746094,"October 27, 2023",Arkansas,"Little Rock","7620 Baseline Rd",1,4,0,0,0,N/A
2741490,"October 27, 2023",Ohio,Mansfield,"810 Ferndale Rd",2,4,0,0,1,N/A
2739575,"October 26, 2023","North Carolina",Clinton,"10310 Garland Hwy",5,0,0,0,0,N/A
2738185,"October 25, 2023",Maine,Lewiston,"24 Mollison Way",18,13,1,0,0,N/A
2737798,"October 24, 2023","North Carolina",Greenville,"1500 SW Greenville Blvd",1,3,0,0,2,N/A
2736792,"October 23, 2023",Illinois,Chicago,"6140 S Justine St",1,3,0,0,0,N/A
2737647,"October 23, 2023",Colorado,Durango,"149 S Camino del Rio",1,3,0,0,3,N/A
2735504,"October 22, 2023",Mississippi,Meridian,"2409 5th St",1,3,0,0,0,N/A
2735299,"October 22, 2023",Arkansas,"Pine Bluff","200 University Dr",1,3,0,0,4,N/A
2735026,"October 21, 2023",Texas,"College Station","2501 Texas Ave S",0,4,0,0,1,N/A
2735343,"October 21, 2023",Texas,Borger,"718 N Main St",1,3,0,0,1,N/A
2735073,"October 21, 2023",California,"Santa Maria","1000 block of N School St",1,3,0,0,0,N/A
2735271,"October 21, 2023","North Carolina",Fayetteville,"1520 Slater Ave",1,3,0,0,1,N/A
2735260,"October 21, 2023",California,Oakley,"487 Shannon Way",1,3,0,0,1,N/A
2735817,"October 21, 2023",Louisiana,Monroe,"3100 block of Renwick St",1,5,0,0,2,N/A
2735403,"October 20, 2023",Louisiana,Alexandria,"1900 block of Kelly St",0,4,0,0,2,N/A
2734098,"October 20, 2023",Nebraska,Lincoln,"13th St and O St",0,4,0,0,0,N/A
2733549,"October 19, 2023",Washington,Toppenish,"200 block of Pearne St",3,1,1,0,0,N/A
2733136,"October 18, 2023",Ohio,Columbus,"200 block of Winner Ave",0,4,0,0,1,N/A
2732484,"October 17, 2023",Georgia,Augusta,"2 Greene St",0,4,0,0,0,N/A
2731511,"October 16, 2023",Maryland,Severn,"1159 Reece Rd",0,4,0,0,0,N/A
2731681,"October 16, 2023",California,"Los Angeles","4410 Lankershim Blvd",3,1,0,0,0,N/A
2731021,"October 15, 2023","South Carolina",Barnwell,"Quail Rd and Patterson Rd",1,5,0,0,0,N/A
2730602,"October 15, 2023",Minnesota,Minneapolis,"400 block of N 3rd Ave",0,4,0,0,0,N/A
2729845,"October 14, 2023",Colorado,Denver,"12445 E 39th Ave",3,3,0,0,0,N/A
2730782,"October 13, 2023",Mississippi,Cleveland,"1823 S Chrisman Ave",2,2,0,0,1,N/A
2729811,"October 13, 2023",Missouri,"Kansas City","E 10th St and Indiana Ave",0,5,0,0,0,N/A
2728246,"October 12, 2023",Minnesota,Princeton,"225 190th Ave NE",0,5,0,1,1,N/A
2727876,"October 10, 2023",Wisconsin,Madison,"116 Milky Way",1,3,0,0,0,N/A
2725771,"October 8, 2023",Illinois,Chicago,"316 W Erie St",0,8,0,0,0,N/A
2725838,"October 8, 2023",Pennsylvania,Indiana,"640 N 5th Ave",1,8,0,0,0,N/A
2726444,"October 8, 2023",Louisiana,Gonzales,"616 N Tobey Ave",0,7,0,0,1,N/A
2725206,"October 7, 2023",Illinois,Chicago,"5012 N Winthrop Ave",0,4,0,0,0,N/A
2725669,"October 7, 2023",California,Inglewood,"3333 W Manchester Blvd",2,3,0,0,0,N/A
2725422,"October 6, 2023",Nevada,Reno,"10640 N McCarran Blvd",0,7,0,0,0,N/A
2725126,"October 6, 2023","South Carolina",Florence,"1100 block of Oakland Ave",0,4,0,0,0,N/A
2725133,"October 6, 2023","District of Columbia",Washington,"100 block of Quincy Pl NE",0,5,0,0,0,N/A
2723247,"October 4, 2023",Pennsylvania,Philadelphia,"7500 block of Whitaker Ave",0,4,1,0,0,N/A
2723237,"October 4, 2023",Minnesota,"Saint Paul","1200 block of Hazelwood St",1,3,0,0,0,N/A
2723347,"October 4, 2023",California,"Los Angeles","S Central Ave and E 90th St",1,4,0,0,0,N/A
2722363,"October 3, 2023",Maryland,Baltimore,"1800 Argonne Dr",0,5,0,0,2,N/A
2720893,"October 2, 2023",Pennsylvania,Philadelphia,"6115 Shelbourne St",3,1,1,0,0,N/A
2720910,"October 1, 2023",Ohio,Toledo,"500 block of Leach St",0,4,0,0,1,N/A
2720112,"October 1, 2023",Kentucky,Lexington,"125 N Mill St",0,4,0,0,1,N/A
2720476,"October 1, 2023",Illinois,Chicago,"50 block of S Whipple St",2,2,0,0,0,N/A
2720136,"October 1, 2023",Nebraska,Omaha,"N 24th St and Decatur St",1,5,0,0,0,N/A
2720311,"October 1, 2023",Texas,Houston,"8700 block of Cypressbrook Dr",2,2,0,0,1,N/A
2720526,"October 1, 2023","New Jersey","Jersey City","260 Culver Ave",0,5,0,0,0,N/A
2720419,"September 30, 2023",Texas,Laredo,"717 E Travis St",0,4,0,0,0,N/A
2720128,"September 30, 2023",California,"San Pedro","1230 N Park Western Dr",1,3,0,0,0,N/A
2719793,"September 29, 2023",Louisiana,"Lake Charles","2212 Broad St",1,3,0,0,1,N/A
2717131,"September 27, 2023","District of Columbia",Washington,"2423 14th St NE",2,3,0,0,0,N/A
2715316,"September 25, 2023",Texas,Dallas,"4800 block of Elsie Faye Heggins St",1,3,0,0,1,N/A
2715722,"September 25, 2023",Florida,Jacksonville,"4229 Moncrief Rd W",0,6,0,0,0,N/A
2714225,"September 24, 2023",Oklahoma,"Oklahoma City","SW 26th St and S Agnew Ave",0,4,0,0,0,N/A
2714677,"September 24, 2023","South Carolina",Columbia,"225 Saddletrail Rd",3,1,0,0,3,N/A
2714319,"September 23, 2023",Florida,Jacksonville,"8846 A C Skinner Pkwy",3,1,0,0,0,N/A
2714462,"September 23, 2023",Tennessee,Covington,"2951 Hwy 51 N",1,4,0,0,0,N/A
2713920,"September 23, 2023",Virginia,Chesapeake,"1300 block of Drayton Rd",1,4,0,0,0,N/A
2713404,"September 23, 2023",California,Downey,"11018 Downey Ave",0,4,0,0,1,N/A
2714081,"September 23, 2023","District of Columbia",Washington,"1360 H St NE",1,3,0,0,0,N/A
2713882,"September 22, 2023",Minnesota,Minneapolis,"Lake St and Lyndale Ave",0,4,0,0,0,N/A
2713409,"September 22, 2023",California,Pomona,"1500 E 1st St",1,5,0,0,0,N/A
2710366,"September 18, 2023","North Carolina","Spring Lake","214 S 6th St",1,3,0,0,0,N/A
2709172,"September 18, 2023","North Carolina",Charlotte,"200 block of N Tryon St",0,4,0,0,0,N/A
2708659,"September 17, 2023",Texas,"El Paso","12300 Tierra Inca Dr",2,3,0,1,1,N/A
2709153,"September 17, 2023",Illinois,Romeoville,"512 Concord Ave",5,0,1,0,0,N/A
2708996,"September 17, 2023",Massachusetts,Boston,"50 Ames St",0,5,0,0,1,N/A
2708490,"September 16, 2023",Indiana,"South Bend","Huron St and Philippa St",0,4,0,0,2,N/A
2708514,"September 16, 2023",Colorado,Denver,"1946 Market St",0,5,0,0,1,N/A
2710554,"September 15, 2023",Mississippi,Tchula,"14592 Martin Luther King Dr",1,6,0,0,0,N/A
2706325,"September 13, 2023",Pennsylvania,Philadelphia,"W York St and N Marshall St",0,4,0,0,0,N/A
2704430,"September 11, 2023",Florida,"Palm Bay","1200 Hadley Cir SE",0,4,0,0,0,N/A
2703680,"September 10, 2023",Michigan,Detroit,"8600 block of Rosemont Ave",2,2,0,0,0,N/A
2703436,"September 10, 2023",Indiana,Indianapolis,"800 block of W 29th St",0,5,0,0,0,N/A
2704593,"September 10, 2023","New Jersey","Jersey City","Martin Luther King Dr and Orient Ave",0,5,0,0,0,N/A
2702902,"September 9, 2023",Illinois,Chicago,"6500 block of S King Dr",0,4,0,0,0,N/A
2703975,"September 9, 2023","South Carolina","Rock Hill","800 block of Brunswick Dr",0,4,0,0,2,N/A
2701771,"September 7, 2023",Texas,Dallas,"5300 block of Colonial Ave",1,3,0,0,1,N/A
2700661,"September 6, 2023","New York",Brooklyn,"56 Marcus Garvey Blvd",0,4,0,0,3,N/A
2701037,"September 6, 2023",Mississippi,Jackson,"3400 block of Lampton Ave",1,3,0,0,0,N/A
2701233,"September 6, 2023",Texas,"El Paso (Socorro)","253 Flor Margarita Blvd",0,4,0,0,0,N/A
2699229,"September 5, 2023",Illinois,Chicago,"4718 W Gladys Ave",0,4,0,0,0,N/A
2699475,"September 4, 2023",Georgia,Dublin,"100 block of E Jackson St",1,3,0,0,3,N/A
2698496,"September 4, 2023",Alabama,Birmingham,"930 5th Ave N",2,3,0,0,0,N/A
2698171,"September 3, 2023",Georgia,Atlanta,"3516 Adkins Rd NW",0,5,1,0,0,N/A
2698160,"September 3, 2023",Illinois,Freeport,"300 block of E Pleasant St",1,3,0,0,0,N/A
2698786,"September 3, 2023","North Carolina","High Point","2900 block of Creekview Ct",1,3,0,0,0,N/A
2698107,"September 3, 2023",Texas,Galveston,"4002 Mendocino Dr",2,2,0,0,0,N/A
2697278,"September 2, 2023",Massachusetts,Lynn,"189 Essex St",2,5,0,0,0,N/A
2695354,"August 30, 2023",Illinois,Peoria,"2217 W Marquette Ave",1,4,0,0,0,N/A
2695977,"August 30, 2023",Texas,Houston,"2800 block of Chimney Rock Rd",0,4,0,0,0,N/A
2694045,"August 29, 2023","New York",Rochester,"15 Savannah St",0,4,0,0,0,N/A
2692290,"August 27, 2023",Ohio,Mansfield,"137 Blymyer Ave",1,3,0,0,2,N/A
2691802,"August 27, 2023",Kentucky,Louisville,"301 Market St",2,4,0,0,1,N/A
2692120,"August 27, 2023",Michigan,Detroit,"11644 Cloverdale St",1,4,0,0,0,N/A
2691769,"August 27, 2023",Ohio,Cleveland,"11500 block of St Mark Ave",0,4,0,0,0,N/A
2692512,"August 27, 2023",Colorado,Pueblo,"1200 block of Berwind Ave",1,3,0,0,0,N/A
2691275,"August 26, 2023",Utah,Orem,"360 S State St",0,5,0,5,5,N/A
2690924,"August 26, 2023",Massachusetts,Boston,"10 Talbot Ave",0,7,0,1,3,N/A
2692026,"August 26, 2023",Mississippi,Ripley,"100 block of Peacock Holler",0,4,0,0,1,N/A
2690914,"August 25, 2023",Florida,Tallahassee,"1303 Ocala Rd",0,4,0,0,0,N/A
2690809,"August 25, 2023",California,Pasadena,"151 E Orange Grove Blvd",0,5,0,0,0,N/A
2690239,"August 24, 2023",Ohio,Hartville,"13305 Carnation Ave NW",4,0,1,0,0,N/A
2688942,"August 23, 2023",California,"Trabuco Canyon","19152 Santiago Canyon Rd",3,5,1,0,0,N/A
2688888,"August 23, 2023",Ohio,"Warren (Howland)","Highlawn Ave SE",0,4,1,0,0,N/A
2688256,"August 22, 2023",Illinois,Chicago,"1521 S Trumbull Ave",1,3,0,0,0,N/A
2686943,"August 21, 2023",Pennsylvania,"Upper Darby","635 Long Lane",1,3,0,0,0,N/A
2687693,"August 21, 2023","New York","Valley Stream","89 Ocean Ave",1,3,0,0,3,N/A
2685998,"August 20, 2023",Washington,Seattle,"2205 Rainier Ave S",3,6,0,0,0,N/A
2687319,"August 20, 2023",Texas,Denison,"1100 block of W Owings St",1,3,0,0,3,N/A
2686221,"August 20, 2023",Minnesota,Minneapolis,"814 E Franklin Ave",0,8,0,0,0,N/A
2686454,"August 20, 2023",Wisconsin,Milwaukee,"S 12th St and W Mitchell St",0,4,0,0,1,N/A
2686543,"August 20, 2023",Georgia,Louisville,"1000 block of Handy St",0,5,0,0,3,N/A
2686047,"August 19, 2023",Wisconsin,Milwaukee,"S 14th St and W Burnham St",0,9,0,0,1,N/A
2685332,"August 19, 2023",Georgia,Macon,"834 Woodard Ave",1,3,0,0,0,N/A
2685196,"August 19, 2023",Pennsylvania,Philadelphia,"500 block of N Creighton St",1,8,0,0,0,N/A
2686338,"August 19, 2023",Delaware,Wilmington,"300 block of Chapel St",0,4,0,0,0,N/A
2684327,"August 18, 2023",Virginia,Norfolk,"1510 E Brambleton Ave",0,4,0,0,3,N/A
2685046,"August 18, 2023",Illinois,Chicago,"3500 block of W 13th Pl",0,4,0,0,0,N/A
2684071,"August 16, 2023",Louisiana,Alexandria,"2900 block of Levin St",1,4,0,0,0,N/A
2683130,"August 16, 2023",Illinois,"East Saint Louis","N 38th St and Audubon Ave",1,4,0,0,0,N/A
2683213,"August 16, 2023",Oklahoma,"Oklahoma City","7405 NW 5th Terrace",4,0,1,0,0,N/A
2682756,"August 16, 2023",Kentucky,Louisville,"1800 block of W Muhammad Ali Blvd",0,4,0,0,0,N/A
2681831,"August 15, 2023",Tennessee,Clarksville,"2655 Union Hall Rd",0,5,2,0,0,N/A
2680467,"August 13, 2023",Tennessee,Memphis,"Peabody Pl and S B B King Blvd",0,8,0,0,0,N/A
2680362,"August 13, 2023",Pennsylvania,Harrisburg,"Cranberry St and N 2nd St",0,4,0,0,0,N/A
2679624,"August 13, 2023",Ohio,Cincinnati,"2300 block of Flora St",0,4,0,0,0,N/A
2680270,"August 13, 2023",Illinois,Chicago,"5700 block of S Payne Dr",1,3,0,0,0,N/A
2679865,"August 13, 2023",Illinois,Rockford,"600 block of Fisher Ave",0,7,0,0,0,N/A
2680526,"August 13, 2023",Illinois,Chicago,"100 block of W Division St",0,4,0,0,0,N/A
2679878,"August 12, 2023",Michigan,"Grand Rapids","Dickinson St SE and Madison Ave SE",0,4,0,0,0,N/A
2678953,"August 12, 2023",Washington,Bothell,"2005 185th Pl SE",1,3,0,0,0,N/A
2678825,"August 11, 2023",Minnesota,Minneapolis,"2220 16th Ave S",1,6,0,0,0,N/A
2678274,"August 11, 2023",Pennsylvania,Philadelphia,"800 Diamond St",3,1,0,0,0,N/A
2678650,"August 11, 2023",Arkansas,"Pine Bluff","1601 S Cherry St",0,4,0,0,1,N/A
2676883,"August 10, 2023",Washington,Lynnwood,"SW 164th St and W 48th Pl",4,1,0,0,1,N/A
2675914,"August 9, 2023",Illinois,"Crystal Lake","5805 Wild Plum Rd",3,1,1,0,0,N/A
2677365,"August 9, 2023",Pennsylvania,Pittsburgh,"2176 Webster Ave",0,4,0,1,1,N/A
2673981,"August 6, 2023",Pennsylvania,Philadelphia,"200 W 65th Ave",0,5,0,0,0,N/A
2673152,"August 6, 2023",Texas,Edinburg,"5120 S Raul Longoria Rd",0,7,0,0,3,N/A
2672766,"August 5, 2023","District of Columbia",Washington,"Good Hope Rd SE and 16th St SE",3,2,0,0,0,N/A
2672510,"August 5, 2023",Louisiana,Lafayette,"106 S General Marshall St",1,4,0,1,1,N/A
2673896,"August 5, 2023",Missouri,"Kansas City","E 16th St and Grand Blvd",0,4,0,0,1,N/A
2671589,"August 3, 2023",California,"Los Angeles","8805 S Hoover St",0,4,0,0,0,N/A
2673196,"August 2, 2023",Arkansas,"Pine Bluff","Lilac St",0,5,0,0,0,N/A
2670331,"August 2, 2023",Illinois,Chicago,"1249 W 81st St",1,3,0,0,0,N/A
2668365,"July 31, 2023",Mississippi,Columbus,"2520 5th St N",0,4,0,0,2,N/A
2666859,"July 30, 2023",Illinois,Chicago,"1500 block of S Keeler Ave",1,8,0,0,0,N/A
2667118,"July 30, 2023",Michigan,Lansing,"1300 block of W Holmes Rd",0,5,0,0,0,N/A
2667537,"July 30, 2023",Texas,"Port Arthur","711 Procter St",0,7,0,0,0,N/A
2666933,"July 30, 2023",Indiana,Muncie,"900 block of E Willard St",1,17,0,1,2,N/A
2668556,"July 30, 2023",Massachusetts,Springfield,"Leyfred Terr",0,4,0,0,0,N/A
2667046,"July 29, 2023",California,"Los Angeles","2121 E 99th Pl",1,3,0,0,0,N/A
2666201,"July 28, 2023",Florida,Tampa,"E Shadowlawn Ave and N 36th St",1,3,0,0,0,N/A
2666500,"July 28, 2023",Florida,"Fort Lauderdale","NW 19th St and MLK Jr Ave",0,4,0,0,0,N/A
2666189,"July 28, 2023",Washington,Seattle,"9232 Rainier Ave S",0,5,0,0,0,N/A
2666195,"July 28, 2023",Illinois,"Chicago Heights (Ford Heights)","1400 block of Senator Ln",1,4,0,0,0,N/A
2663533,"July 25, 2023",Pennsylvania,Pittsburgh,"Nicholas St and Jacob St",0,5,0,0,0,N/A
2662351,"July 24, 2023",Oklahoma,Tulsa,"11107 E Brady St",3,1,0,0,1,N/A
2662711,"July 24, 2023","New York",Bronx,"255 E Burnside Ave",1,3,0,0,2,N/A
2661359,"July 23, 2023",Florida,Tampa,"7402 N 56th St",0,5,0,0,0,N/A
2661332,"July 23, 2023",Alabama,Birmingham,"1700 block of Third Ave W",0,4,0,0,0,N/A
2661056,"July 23, 2023",Texas,Houston,"9261 Gulf Fwy",1,4,0,0,1,N/A
2661505,"July 23, 2023",Texas,Dallas,"3300 block of Sheila Lane",1,3,0,0,0,N/A
2661000,"July 23, 2023",Washington,Seattle,"Broadway and E Pike St",0,4,0,0,0,N/A
2660194,"July 22, 2023",Texas,Houston,"10700 Rosehaven Dr",1,2,0,2,0,N/A
2660568,"July 22, 2023","North Carolina",Wade,"4001 Pembroke Lane",1,3,0,0,0,N/A
2660299,"July 22, 2023",Arizona,Glendale,"6761 N Sunset Blvd",0,4,0,0,1,N/A
2661182,"July 22, 2023",Florida,"Daytona Beach","611 Seabreeze Blvd",0,4,0,0,1,N/A
2660217,"July 22, 2023",Illinois,Chicago,"1400 block of S Spaulding Ave",1,4,0,0,0,N/A
2660674,"July 22, 2023",Tennessee,Memphis,"2965 Meadows Lane",1,4,0,0,0,N/A
2659968,"July 21, 2023",Louisiana,Marrero,"6700 block of Mather Dr",1,3,0,0,0,N/A
2658784,"July 20, 2023","North Carolina",Greensboro,"1900 block of Brice St",1,3,0,0,0,N/A
2658701,"July 19, 2023",Texas,Houston,"6200 block of Luce St",2,3,0,0,0,N/A
2657179,"July 18, 2023",Pennsylvania,Philadelphia,"500 block of E Wyoming Ave",0,5,0,0,0,N/A
2657041,"July 17, 2023","District of Columbia",Washington,"1200 block of Barnaby Terrace SE",0,4,0,0,0,N/A
2656524,"July 17, 2023","South Carolina",Columbia,"4200 block of Wentworth Dr",1,3,0,0,0,N/A
2654137,"July 16, 2023",Illinois,Chicago,"4000 block of W Washington Blvd",1,4,0,0,3,N/A
2654540,"July 16, 2023",California,"Los Angeles","2000 block of E 115th St",1,4,0,0,0,N/A
2654280,"July 16, 2023",Texas,Dallas,"Al Lipscomb Way and Meadow St",1,4,0,0,1,N/A
2653407,"July 15, 2023",Pennsylvania,"Homestead (Munhall)","1129 Ravine St",1,3,0,0,0,N/A
2655985,"July 15, 2023",Mississippi,Clarksdale,"400 block of Andrews St",0,4,0,0,0,N/A
2653609,"July 15, 2023",Georgia,Hampton,"92 Dogwood Lakes Dr",4,3,1,0,0,N/A
2654370,"July 15, 2023",Florida,"Fort Lauderdale","3170 NW 2nd St",1,3,0,0,0,N/A
2653963,"July 15, 2023",Tennessee,Memphis,"3400 block of Ridgemont Ave",1,4,0,0,0,N/A
2653974,"July 15, 2023",Louisiana,Shreveport,"400 Commerce St",1,6,0,0,1,N/A
2652749,"July 14, 2023",Maryland,Bladensburg,"4300 block of Bladensburg Rd",0,5,0,0,0,N/A
2653198,"July 14, 2023","North Dakota",Fargo,"901 25th St S",1,3,1,0,0,N/A
2651377,"July 13, 2023",Maryland,"Silver Spring","14324 Layhill Rd",0,4,0,0,0,N/A
2651632,"July 13, 2023",Texas,"El Paso","1160 Airway Blvd",2,4,0,0,2,N/A
2652321,"July 13, 2023",Illinois,"East Saint Louis","500 block of N 27th St",1,4,0,0,0,N/A
2654191,"July 12, 2023",Georgia,Lagrange,"Whitesville St and Bell St",0,4,0,0,0,N/A
2650004,"July 11, 2023","New York",Bronx,"25 E 193rd St",0,4,0,0,0,N/A
2650456,"July 11, 2023",Texas,Dallas,"8200 block of Willoughby Blvd",0,6,0,0,0,N/A
2648182,"July 9, 2023","North Carolina",Wadesboro,"1205 N Greene St",1,6,0,0,0,N/A
2648002,"July 9, 2023",Texas,Amarillo,"4515 S Georgia St",2,5,0,0,1,N/A
2648055,"July 9, 2023",Ohio,Cleveland,"W 6th St and Johnson Ct",0,9,0,0,2,N/A
2647888,"July 9, 2023",Iowa,Dubuque,"2506 Broadway St",1,3,0,0,0,N/A
2649242,"July 9, 2023",Alabama,Montgomery,"300 block of Gardendale Dr",1,6,0,0,2,N/A
2647298,"July 8, 2023","New York",Brooklyn,"Ashford St and Arlington Ave",1,3,0,0,1,N/A
2647621,"July 8, 2023",California,Indio,"41900 block of Napoli St",1,3,0,0,0,N/A
2647307,"July 8, 2023",Indiana,Gary,"939 E 21st Ave",1,3,0,0,0,N/A
2647516,"July 8, 2023",Maryland,Baltimore,"900 block of Greenmount Ave",2,2,0,0,0,N/A
2648440,"July 8, 2023",Texas,Dallas,"1600 block of Pompano Beach Dr",1,3,0,0,0,N/A
2647013,"July 7, 2023",Illinois,Chicago,"1600 block of W Howard St",0,5,0,0,0,N/A
2646865,"July 7, 2023",Texas,"El Paso","4516 Swan Dr",0,8,0,0,0,N/A
2644586,"July 5, 2023",Florida,"Fort Lauderdale","2960 NW 19th St",0,5,0,0,0,N/A
2643648,"July 5, 2023",Maryland,Salisbury,"Chippewa Blvd and Kiowa Ave",1,6,0,0,1,N/A
2644078,"July 5, 2023",Michigan,Lansing,"S Washington Sq",0,4,0,0,0,N/A
2643671,"July 5, 2023",Illinois,Chicago,"5600 block of S Ada St",1,4,0,0,0,N/A
2644352,"July 5, 2023",Ohio,Cleveland,"4000 block of E 150th St",2,2,0,0,0,N/A
2643453,"July 5, 2023","District of Columbia",Washington,"4700 block of Meade St NE",0,9,0,0,0,N/A
2643630,"July 5, 2023",Massachusetts,Boston,"33 Edgewater Dr",0,5,0,0,1,N/A
2643676,"July 5, 2023","New Jersey",Paterson,"49 Jersey St",2,3,0,0,0,N/A
2644627,"July 5, 2023",Michigan,Flint,"2800 block of Mallery St",0,4,0,0,0,N/A
2642527,"July 4, 2023",Ohio,Akron,"700 E Exchange St",0,4,0,0,0,N/A
2642489,"July 4, 2023",Michigan,Lansing,"6520 Mercantile Way",0,5,0,0,0,N/A
2643549,"July 4, 2023",California,Hayward,"400 block of Ranker Place",0,5,0,1,2,N/A
2643602,"July 4, 2023",Louisiana,Shreveport,"2000 block of Pearl Ave",4,7,0,0,0,N/A
2642484,"July 4, 2023","North Carolina",Charlotte,"5300 block of Park Brook Dr",0,4,0,0,0,N/A
2643322,"July 4, 2023",Maryland,Edgewood,"600 block of Harr Park Ct",0,4,0,0,1,N/A
2642843,"July 3, 2023",Minnesota,Truman,N/A,0,4,0,0,1,N/A
2642262,"July 3, 2023",Texas,"Fort Worth","2100 block of Christine Ave",0,4,0,0,1,N/A
2642472,"July 3, 2023",Texas,"Fort Worth","Diaz Ave and Horne St",3,8,0,0,2,N/A
2642495,"July 3, 2023",Indiana,Indianapolis,"3200 block of Forest Manor Ave",1,3,0,0,0,N/A
2645345,"July 3, 2023",Indiana,"Michigan City","1100 block of Salem St",0,4,0,0,0,N/A
2642785,"July 3, 2023",Missouri,"Saint Ann","4116 Jane Ave",3,1,1,0,0,N/A
2642071,"July 3, 2023",Pennsylvania,Philadelphia,"5700 block of Warrington Ave",5,2,0,0,1,N/A
2640311,"July 2, 2023",Kansas,Wichita,"222 N Washington St",0,9,0,0,3,N/A
2641112,"July 2, 2023","New York",Bronx,"1780 Eastburn Ave",0,4,0,0,0,N/A
2640219,"July 2, 2023",Maryland,Baltimore,"800 block of Gretna Ct",2,27,0,1,5,N/A
2639780,"July 1, 2023",Oklahoma,Tulsa,"1150 S Sheridan Rd",0,4,0,0,0,N/A
2639130,"June 30, 2023",California,Florin,"7870 Florin Rd",0,4,0,0,0,N/A
2639623,"June 30, 2023",Illinois,Chicago,"6300 block of S Artesian Ave",1,3,0,0,0,N/A
2638784,"June 29, 2023",Texas,Odessa,"4310 N Dixie Blvd",1,4,0,0,3,N/A
2638465,"June 28, 2023","North Carolina",Greensboro,"5100 Bayberry St",3,2,0,0,1,N/A
2636671,"June 26, 2023",Michigan,Ypsilanti,"800 block of George Pl",2,2,0,0,1,N/A
2634835,"June 25, 2023",Missouri,"Kansas City","5646 Prospect Ave",3,6,0,0,1,N/A
2635065,"June 25, 2023",Texas,"Missouri City","7242 W Fuqua St",1,3,0,0,0,N/A
2635437,"June 25, 2023",Ohio,Cincinnati,"1233 Clay St",0,4,0,0,0,N/A
2634840,"June 25, 2023",Indiana,Indianapolis,"800 block of Broad Ripple Ave",3,1,0,0,1,N/A
2634933,"June 25, 2023",Maryland,"Temple Hills (Marlow Heights)","4400 block of Stamp Rd",0,4,0,0,0,N/A
2635243,"June 24, 2023","North Carolina",Asheboro,"800 block of Salem Ct",0,4,0,0,2,N/A
2634357,"June 24, 2023",Texas,Beaumont,"1600 block of Glasshouse St",0,5,0,0,0,N/A
2634147,"June 24, 2023",Michigan,Saginaw,"Fourth St and Johnson St",2,11,0,0,0,N/A
2634135,"June 24, 2023",Florida,Orlando,"2620 N Hiawassee Rd",2,2,0,0,0,N/A
2632283,"June 21, 2023",Texas,"Fort Worth","2120 Handley Dr",1,3,0,0,1,N/A
2630581,"June 20, 2023",Michigan,Pontiac,"28 Cherry Hill Dr",1,3,0,0,0,N/A
2629821,"June 19, 2023",Illinois,Chicago,"3200 block of W 79th St",1,3,0,0,0,N/A
2629745,"June 19, 2023",Wisconsin,Milwaukee,"2947 N Doctor MLK Jr Dr",0,6,0,0,1,N/A
2628072,"June 18, 2023",Illinois,Willowbrook,"10S622 Kingery Hwy",1,22,0,0,0,N/A
2628083,"June 18, 2023",Missouri,"Saint Louis","1409 Washington Ave",1,9,0,0,0,N/A
2629211,"June 18, 2023",Idaho,Kellogg,"525 W Cameron Ave",4,0,0,0,1,N/A
2629196,"June 18, 2023","North Carolina",Greenville,"1100 block of W Sixth St",1,5,0,0,0,N/A
2628950,"June 18, 2023",Illinois,Chicago,"9900 block of S Princeton Ave",2,3,0,0,0,N/A
2628104,"June 18, 2023",Illinois,Chicago,"5400 block of W Crystal St",1,3,0,0,0,N/A
2628094,"June 18, 2023",Georgia,Decatur,"4525 Glenwood Rd",0,5,0,0,0,N/A
2629262,"June 18, 2023",Michigan,Detroit,"12000 block of Roselawn St",0,4,0,0,0,N/A
2627254,"June 17, 2023",Illinois,Chicago,"1900 block of N Stockton Dr",0,5,0,0,0,N/A
2627729,"June 17, 2023",Pennsylvania,Philadelphia,"1700 block of Ringgold St",0,5,0,0,0,N/A
2627193,"June 17, 2023",Wisconsin,"La Crosse","116 3rd St S",0,7,0,0,1,N/A
2627442,"June 17, 2023","North Carolina","Winston Salem (Winston-salem)","800 block of Utah Dr",0,4,0,0,0,N/A
2627199,"June 17, 2023",Indiana,Indianapolis,"W 34th St and Moller Rd",0,4,0,0,0,N/A
2627418,"June 17, 2023","North Carolina",Charlotte,"6432 E Independence Blvd",1,3,0,0,1,N/A
2629270,"June 17, 2023",Louisiana,Alexandria,"3323 Willow Glen River Rd",1,3,0,0,0,N/A
2627958,"June 17, 2023",Washington,Quincy,"754 Silica Rd NW",2,2,0,1,1,N/A
2630156,"June 17, 2023",Ohio,Cleveland,"11921 Miles Ave",0,4,0,0,0,N/A
2626827,"June 16, 2023",Maryland,Baltimore,"E Cold Spring Ln and York Rd",0,6,0,0,0,N/A
2627283,"June 16, 2023",California,Carson,"1500 block of E Abila St",0,8,0,0,0,N/A
2627013,"June 16, 2023","New Jersey",Clifton,"39 Harding Ave",0,4,0,0,0,N/A
2625892,"June 15, 2023",Ohio,"New Richmond","1965 Laurel Lindale Rd",3,1,0,0,1,N/A
2626402,"June 15, 2023",Tennessee,Sequatchie,"246 Pine St",5,1,1,0,0,N/A
2625636,"June 15, 2023","South Carolina",Greenville,"Channel Dr",0,4,0,0,0,N/A
2625603,"June 14, 2023",Oklahoma,Tulsa,"S Harvard Ave and E 31st St",1,3,0,0,1,N/A
2625182,"June 13, 2023",Ohio,Cincinnati,"2300 block of Harrison Ave",0,4,0,0,0,N/A
2623809,"June 13, 2023",Colorado,Denver,"2000 block of Market St",0,9,0,1,2,N/A
2622044,"June 11, 2023","New York",Syracuse,"100 block of Davis St",0,4,0,0,3,N/A
2622062,"June 11, 2023",California,Antioch,"3300 block of Sunset Ln",1,6,0,0,0,N/A
2668127,"June 11, 2023",Louisiana,Labadieville,"3006 LA-1",0,7,0,0,1,N/A
2622008,"June 11, 2023",Texas,Houston,"6003 Richmond Ave",0,6,0,0,1,N/A
2622547,"June 11, 2023",Maryland,Annapolis,"1004 Paddington Pl",3,3,0,0,1,N/A
2622140,"June 11, 2023",Illinois,Champaign,"1000 block of N 6th St",0,4,0,0,0,N/A
2622484,"June 11, 2023",Texas,Crosby,"12028 Crosby-Lynchburg  Rd",1,4,0,0,0,N/A
2621754,"June 10, 2023",Mississippi,Hattiesburg,"6100 block of US-49",0,4,0,0,0,N/A
2622344,"June 10, 2023",Washington,"Benton City","2500 block of N Willard Ave",1,5,0,0,2,N/A
2621640,"June 10, 2023",Illinois,"Oak Park","900 block of Madison St",0,4,0,0,0,N/A
2621241,"June 9, 2023",California,"San Francisco","24th St and Treat Ave",0,9,0,0,1,N/A
2621359,"June 9, 2023",Pennsylvania,Jeannette,"815 Lowry Ave",1,4,0,0,0,N/A
2620695,"June 8, 2023","South Carolina","North Charleston","4106 Dorchester Rd",1,3,0,0,0,N/A
2619908,"June 7, 2023",California,Sacramento,"1600 block of Grand Ave",0,7,0,0,0,N/A
2618358,"June 6, 2023",Virginia,Richmond,"6 N Laurel St",2,5,0,0,1,N/A
2617560,"June 5, 2023",Mississippi,Jackson,"440 N Mill St",0,5,0,0,0,N/A
2616439,"June 4, 2023",Texas,Sunnyvale,"201 Planters Rd",1,4,0,0,0,N/A
2615978,"June 4, 2023",Illinois,Chicago,"4800 block of W Iowa St",1,6,0,0,0,N/A
2616034,"June 4, 2023",Florida,Pensacola,"Cresent Dr",1,4,0,0,0,N/A
2616015,"June 4, 2023",Missouri,Columbia,"2600 block of Oakbrook Dr",2,4,0,0,0,N/A
2615941,"June 3, 2023",Oregon,Portland,"NE Webster St and NE 55th Ave",0,4,0,0,0,N/A
2615518,"June 2, 2023",Tennessee,Memphis,"4600 block of Mill Stream Dr",0,4,0,0,0,N/A
2614735,"June 2, 2023",Texas,"San Antonio","5100 block of Eisenhauer Rd",1,3,0,0,0,N/A
2614353,"May 31, 2023",Ohio,Cleveland,"400 block of E 123rd St",1,3,0,0,0,N/A
2613087,"May 31, 2023","North Carolina",Fayetteville,"700 block of Rembrandt Dr",2,2,0,0,2,N/A
2613375,"May 31, 2023",Ohio,Cincinnati,"73 E McMicken Ave",0,4,0,0,0,N/A
2612967,"May 30, 2023",Pennsylvania,Lebanon,"400 block of N 5th St",3,1,0,0,3,N/A
2612882,"May 30, 2023",Illinois,Chicago,"7059 S Halsted St",0,4,0,0,0,N/A
2611512,"May 29, 2023",Florida,Hollywood,"1203 N Broadwalk",0,9,0,0,3,N/A
2611781,"May 29, 2023","South Carolina",Hollywood,"5000 block of Storage Rd",1,5,0,0,0,N/A
2610925,"May 29, 2023",Ohio,"Canal Winchester","4855 Pintail Creek Dr",0,7,0,0,0,N/A
2611214,"May 29, 2023",Illinois,Peoria,N/A,0,4,0,0,0,N/A
2611877,"May 29, 2023","New York",Syracuse,"400 block of Bellevue Ave",1,3,0,0,1,N/A
2611231,"May 28, 2023",Pennsylvania,Chester,"Front St and Norris St",0,8,0,0,0,N/A
2611011,"May 28, 2023",Pennsylvania,Philadelphia,"4500 block of Mulberry St",1,3,0,0,0,N/A
2610339,"May 28, 2023",Pennsylvania,Harrisburg,"1000 block of N 3rd St",0,4,0,0,0,N/A
2610271,"May 28, 2023",Mississippi,Hazlehurst,"Dentville Rd",0,5,0,0,0,N/A
2610231,"May 28, 2023",Tennessee,Memphis,"400 block of Deerskin Dr",0,4,0,0,0,N/A
2610153,"May 27, 2023",Ohio,Cleveland,"17426 Harvard Ave",0,4,0,0,0,N/A
2610514,"May 27, 2023",California,"Moreno Valley","24800 block of Evening Shadow Ct",0,4,0,0,0,N/A
2610746,"May 27, 2023",Arkansas,Marianna,"382 W Chestnut St",1,4,0,0,0,N/A
2609789,"May 27, 2023","New Mexico","Red River","400 E Main St",3,4,0,1,1,N/A
2609601,"May 27, 2023",Illinois,Chicago,"7900 block of S Ashland Ave",1,3,0,0,0,N/A
2609992,"May 26, 2023",Mississippi,Columbus,"2118 Hwy 45 N",1,4,0,0,1,N/A
2608422,"May 26, 2023",Wisconsin,Milwaukee,"N 38th St and W Walnut St",0,4,0,0,1,N/A
2609761,"May 26, 2023",Arizona,Mesa,"Alma School Rd and Main St",4,1,0,0,1,N/A
2608802,"May 26, 2023",Maryland,Baltimore,"W Saratoga St and N Eutaw St",0,5,0,0,0,N/A
2608556,"May 26, 2023",Georgia,Brunswick,"100 block of Wasp Dr",0,5,0,0,0,N/A
2608830,"May 26, 2023",Virginia,Woodbridge,"14723 Birchdale Ave",3,1,0,0,0,N/A
2608239,"May 25, 2023",Maryland,Baltimore,"3300 block of Ramona Ave",0,4,0,0,0,N/A
2606205,"May 23, 2023",Texas,Texarkana,"563 Lemon Acre",4,0,0,0,1,N/A
2606213,"May 23, 2023",Indiana,Columbus,"2201 Lincoln Park Dr",0,4,0,0,2,N/A
2605897,"May 22, 2023",Tennessee,Columbia,"Beech St",1,4,0,0,2,N/A
2605263,"May 21, 2023",Mississippi,Clarksdale,"300 block of Delta St",0,13,0,0,0,N/A
2604461,"May 21, 2023",Washington,Renton,"E Valley Hwy and S 180th St",0,5,0,0,0,N/A
2603680,"May 21, 2023",Missouri,"Kansas City","4244 Indiana Ave",3,2,0,0,1,N/A
2605709,"May 21, 2023",Mississippi,Jonestown,MS-316,0,4,0,0,0,N/A
2604279,"May 21, 2023",Louisiana,Thibodaux,"300 block of Hyland Dr",0,7,0,0,1,N/A
2603241,"May 20, 2023",California,"Los Angeles","1010 Wilshire Blvd",0,4,0,0,0,N/A
2603870,"May 20, 2023",Georgia,Thomson,"511 Knox St",0,4,0,0,1,N/A
2603598,"May 20, 2023",Louisiana,"New Orleans","6000 block of Beechcraft St",2,2,0,0,0,N/A
2603689,"May 20, 2023",Kentucky,Louisville,"600 block of N 34th St",0,4,0,0,0,N/A
2601416,"May 18, 2023",Texas,"San Antonio","5138 UTSA Blvd",1,3,0,0,2,N/A
2600376,"May 16, 2023",Texas,"San Antonio","800 block of Poinsettia St",0,4,0,0,0,N/A
2598731,"May 15, 2023","New Mexico",Farmington,"700 block of N Dustin Ave",3,6,1,0,0,N/A
2598323,"May 14, 2023",Pennsylvania,Hazleton,"W 11th St and N Manhattan Ct",0,4,0,0,1,N/A
2598168,"May 14, 2023",Alabama,Montgomery,"5500 block of Atlanta Highway",1,3,0,0,0,N/A
2597941,"May 14, 2023",Indiana,Anderson,"1600 block of Madison Ave",0,6,0,0,0,N/A
2598225,"May 14, 2023",Louisiana,Shreveport,"9064 Mansfield Ave",0,4,0,0,1,N/A
2597075,"May 13, 2023",Louisiana,Shreveport,"3600 block of Hollywood Ave",0,4,0,0,0,N/A
2597897,"May 13, 2023",California,Sacramento,"Fairfield St and Del Paso Blvd",0,4,0,0,3,N/A
2597569,"May 13, 2023",Georgia,Augusta,"120 Sand Bar Ferry Rd",2,4,0,0,0,N/A
2597757,"May 13, 2023",Kentucky,Louisville,"627 S 4th St",1,4,0,0,0,N/A
2597561,"May 13, 2023","New Hampshire",Manchester,"129 Ahern St",0,4,0,0,3,N/A
2597740,"May 13, 2023",Arizona,Yuma,"3800 block of S J Edward Dr",2,5,0,0,3,N/A
2597218,"May 12, 2023",Maryland,Laurel,"300 block of Domer Ave",0,4,0,0,0,N/A
2595672,"May 11, 2023",Indiana,Indianapolis,"4020 S East St",1,3,0,0,0,N/A
2595658,"May 11, 2023",Pennsylvania,Philadelphia,"5900 block of North 21st St",1,3,0,0,0,N/A
2595583,"May 11, 2023",Illinois,Chicago,"600 block of W 61st Pl",2,3,0,0,0,N/A
2594759,"May 10, 2023",Colorado,Denver,"9600 E Girard Ave",1,4,0,0,2,N/A
2590876,"May 7, 2023","New Jersey",Newark,"300 block of Orange St",1,3,0,0,0,N/A
2590669,"May 7, 2023",California,Adelanto,"10900 block of Bartlett Ave",2,5,0,0,0,N/A
2591640,"May 7, 2023",California,Thornton,"8600 block of W Mokelumne Ave",1,3,0,0,0,N/A
2591449,"May 7, 2023",Wisconsin,"Fond Du Lac","912 Martin Ave",1,3,0,0,2,N/A
2590617,"May 7, 2023",Missouri,"Saint Louis","2100 block of Branch St",2,2,0,0,1,N/A
2590631,"May 7, 2023",Missouri,Columbia,"904 Business Loop 70 E",1,3,0,1,3,N/A
2591270,"May 7, 2023",California,"Redwood City","400 block of Redwood Ave",0,5,0,0,0,N/A
2590940,"May 7, 2023",Maryland,Frostburg,"E College Ave",1,3,0,0,5,N/A
2590046,"May 6, 2023",Texas,Allen,"820 W Stacy Rd",8,7,1,0,0,N/A
2589882,"May 6, 2023",California,Chico,"1000 block of Columbus Ave",1,5,0,0,3,N/A
2589762,"May 6, 2023",Ohio,Columbus,"624 N High St",0,9,0,1,1,N/A
2589765,"May 6, 2023",Ohio,Columbus,"1400 block of St Clair Ave",1,3,1,0,0,N/A
2592771,"May 6, 2023",Mississippi,"Robinsonville (Tunica Resorts)","2669 Kirby Rd",0,4,0,0,0,N/A
2589790,"May 5, 2023",Mississippi,Vicksburg,"1320 Levee St",0,4,0,0,0,N/A
2592407,"May 5, 2023",Louisiana,Bastrop,"Welch Ave. and Pruitt St",2,2,0,0,1,N/A
2589981,"May 5, 2023",Missouri,"Saint Louis","2837 Cherokee St",2,2,0,0,0,N/A
2589804,"May 5, 2023",Mississippi,Natchez,"261 Devereux Dr",2,3,0,0,4,N/A
2589699,"May 5, 2023",Mississippi,"Ocean Springs","1013 Government St",1,6,0,0,1,N/A
2587918,"May 3, 2023",Illinois,Chicago,"6300 block of South Calumet Ave",0,4,0,0,0,N/A
2587386,"May 3, 2023",Georgia,Atlanta,"1110 W Peachtree St NW",1,4,0,0,1,N/A
2588047,"May 2, 2023",Louisiana,"Bossier City","3820 LA-782",2,2,0,0,1,N/A
2587288,"May 2, 2023",Florida,"Lake Wales","614 Dawnlight Dr",4,0,1,0,0,N/A
2586872,"April 30, 2023",Oklahoma,Henryetta,"14360 Holly Rd",6,0,1,0,0,N/A
2584772,"April 30, 2023",Kentucky,Paducah,"505 S 8th St",0,4,0,0,5,N/A
2584779,"April 30, 2023",Oklahoma,"Oklahoma City","3000 W Memorial Rd",1,3,0,0,0,N/A
2585718,"April 30, 2023",California,Mojave,"15900 block of H St",4,0,0,0,0,N/A
2586747,"April 30, 2023",Nevada,"Las Vegas (Enterprise)","Bermuda Rd and Pilot Rd",0,4,0,0,0,N/A
2584743,"April 30, 2023",Georgia,Athens,"1155 Mitchell Bridge Rd",1,3,0,0,0,N/A
2584748,"April 30, 2023",Mississippi,"Bay Saint Louis","1000 block of Old Blue Meadow Rd",2,4,0,0,1,N/A
2584808,"April 30, 2023",Louisiana,Lafayette,"W Congress Ave and University Ave",1,5,0,0,0,N/A
2584763,"April 30, 2023",Texas,Bryan,"W 26th St and S Bryan Ave",0,4,0,0,0,N/A
2584930,"April 30, 2023",Massachusetts,Lawrence,"5 Royal St",1,5,0,0,0,N/A
2585253,"April 30, 2023",Alabama,Birmingham,"800 block of 48th St N",0,4,0,0,1,N/A
2584240,"April 29, 2023","South Carolina",Columbia,"600 Beckman Rd",0,9,0,0,7,N/A
2584711,"April 29, 2023",Washington,Auburn,"2500 block of B St NW",0,4,0,0,0,N/A
2583589,"April 28, 2023",Pennsylvania,Philadelphia,"5900 block of Palmetto St",3,1,0,0,3,N/A
2584064,"April 28, 2023",Texas,Cleveland,"171 Walter Dr",5,0,0,0,1,N/A
2579179,"April 23, 2023",Texas,Jasper,"470 County Rd 263",0,11,0,0,4,N/A
2579262,"April 22, 2023","North Carolina","Winston Salem (Winston-salem)","1256 Alder St",1,4,0,0,0,N/A
2579441,"April 21, 2023",Georgia,Rockmart,"Fairview Rd and Morgan St",0,4,0,0,0,N/A
2578168,"April 21, 2023","District of Columbia",Washington,"500 block of Lebaum St SE",0,8,0,0,1,N/A
2577693,"April 20, 2023","New Jersey",Trenton,"269 Hamilton Ave",1,3,0,0,0,N/A
2577642,"April 20, 2023",Connecticut,Hartford,"Huntington St and Asylum Ave",1,3,0,0,0,N/A
2575621,"April 18, 2023",Maine,Bowdoin,"1459 Augusta Rd",4,3,0,0,1,N/A
2576366,"April 18, 2023","North Carolina",Fayetteville,"200 block of Alphin St",1,3,0,0,2,N/A
2574091,"April 16, 2023",Mississippi,Biloxi,"2466 Beach Blvd",0,5,0,0,1,N/A
2574324,"April 16, 2023",Georgia,Keysville,"Tyrone Brooks Dr",0,4,0,0,0,N/A
2572997,"April 15, 2023",California,Northridge,"19105 Parthenia St",2,2,0,0,1,N/A
2573436,"April 15, 2023",Alabama,Dadeville,"220 N Broadnax St",4,32,0,0,6,N/A
2572960,"April 15, 2023",Hawaii,Waianae,"87131 Kaukamana Rd",2,3,0,0,2,N/A
2572582,"April 15, 2023","New Jersey",Paterson,"14th Ave and E 22nd St",0,6,0,0,0,N/A
2573200,"April 15, 2023","New Jersey",Newark,"400 block of Leslie St",1,3,0,0,1,N/A
2573179,"April 15, 2023",Arizona,Phoenix,"4617 W Indian School Rd",0,4,0,0,0,N/A
2573266,"April 15, 2023",Kentucky,Louisville,"1200 Southwestern Pkwy",2,4,0,0,0,N/A
2572471,"April 14, 2023",Missouri,"Kansas City","3500 Prospect Ave",1,4,0,0,0,N/A
2571130,"April 13, 2023","New York",Bronx,"1859 Westchester Ave",0,4,0,0,0,N/A
2571648,"April 13, 2023",Michigan,Detroit,"13570 block of Penrod St",0,4,0,1,1,N/A
2570622,"April 12, 2023",Ohio,Toledo,"998 Dorr St",1,5,0,0,0,N/A
2570985,"April 12, 2023",Indiana,"Fort Wayne","3530 Harvester Ave",1,3,0,0,0,N/A
2570789,"April 12, 2023","North Carolina",Goldsboro,"112 N. Leslie St",1,5,0,0,0,N/A
2570823,"April 12, 2023","New Jersey",Trenton,"Spring St and Calhoun St",1,3,0,0,0,N/A
2569434,"April 11, 2023","District of Columbia",Washington,"4001 Benning Rd NE",1,3,0,0,0,N/A
2568184,"April 10, 2023",Kentucky,Louisville,"333 E Main St",5,5,1,0,0,N/A
2568150,"April 9, 2023",Florida,Orlando,"5344 Lescot Ln",3,2,0,0,0,N/A
2567299,"April 8, 2023",Texas,Houston,"250 Uvalde Road",0,4,0,0,0,N/A
2566705,"April 7, 2023","South Carolina","Isle Of Palms","1140 Ocean Blvd",0,5,0,0,1,N/A
2566449,"April 7, 2023",Louisiana,"New Orleans","I-10 and Read Blvd",0,4,0,0,0,N/A
2566162,"April 6, 2023",Pennsylvania,Philadelphia,"3700 block of N Carlisle St",0,4,0,0,0,N/A
2565404,"April 5, 2023",Virginia,"Virginia Beach","700 block of Lake Edward Dr",0,4,0,0,0,N/A
2564607,"April 4, 2023",Pennsylvania,Philadelphia,"3400 block of Rorer St",1,4,0,0,0,N/A
2564328,"April 3, 2023",Tennessee,Jackson,"1600 block of Hollywood Dr",0,4,0,0,0,N/A
2564074,"April 3, 2023",Georgia,Atlanta,"2479 Abner Terrace NW",1,3,0,0,0,N/A
2564105,"April 3, 2023",Colorado,Pueblo,"1000 block of E 11th St",1,3,0,0,0,N/A
2562882,"April 2, 2023","District of Columbia",Washington,"2900 block of Martin Luther King Jr Ave SE",0,4,0,0,0,N/A
2563072,"April 2, 2023","North Carolina",Fayetteville,"5044 Yadkin Rd",1,3,0,1,1,N/A
2562631,"April 2, 2023",California,"Moreno Valley","24700 block of Sunnymead Blvd",0,4,0,0,0,N/A
2562492,"April 1, 2023",Maryland,Baltimore,"3205 Woodring Ave",3,1,0,0,1,N/A
2559838,"March 29, 2023",Tennessee,Memphis,"6980 Winchester Rd",2,4,0,1,3,N/A
2555459,"March 27, 2023",Tennessee,Nashville,"33 Burton Hills Blvd",6,0,1,0,0,N/A
2555326,"March 27, 2023",Wisconsin,Milwaukee,"7225 N 76th St",0,5,0,0,0,N/A
2555309,"March 26, 2023",Minnesota,Minneapolis,"5601 Brooklyn Blvd",0,6,0,0,0,N/A
2554779,"March 26, 2023",Pennsylvania,Philadelphia,"1900 block of N 19th St",2,2,0,0,0,N/A
2555301,"March 26, 2023",Arkansas,"Little Rock","3002 Washington St",2,5,0,0,0,N/A
2555123,"March 26, 2023",Louisiana,Minden,"801 Harris St",0,4,0,0,3,N/A
2553878,"March 25, 2023",Illinois,Macomb,"533 N Johnson St",1,10,0,0,2,N/A
2554912,"March 25, 2023","New York",Hempstead,"Spencer Pl and Jerusalem Ave",0,4,0,0,0,N/A
2553829,"March 25, 2023",Louisiana,Shreveport,"200 block of Texas St",1,5,0,0,1,N/A
2555579,"March 25, 2023","North Carolina",Williamston,"W Pine St",0,5,0,0,0,N/A
2553843,"March 24, 2023",Louisiana,Shreveport,"1800 block of Logan St",0,8,0,0,0,N/A
2552552,"March 23, 2023",Maryland,Baltimore,"2801 Edmondson Ave",1,5,0,0,2,N/A
2551596,"March 21, 2023","New Jersey",Trenton,"45 N Stockton St",0,4,0,0,0,N/A
2551678,"March 21, 2023","South Carolina",Sumter,"190 Whitetail Cir",4,0,1,0,0,N/A
2550749,"March 20, 2023",Wisconsin,Milwaukee,"N 14th St and W Concordia Ave",1,5,0,0,1,N/A
2548773,"March 18, 2023",Ohio,Columbus,"1570 S. High St",2,4,0,0,0,N/A
2549452,"March 18, 2023",Illinois,Chicago,"2425 E 72nd St",0,4,0,0,0,N/A
2549324,"March 18, 2023",Texas,Dallas,"Gannon Ln and S Westmoreland Rd",0,4,0,0,0,N/A
2546495,"March 15, 2023",Oregon,Portland,"7900 NE 82nd Ave",2,2,0,0,1,N/A
2545871,"March 14, 2023",Alabama,Birmingham,"8400 block of 8th Ave S",4,0,0,0,1,N/A
2545631,"March 13, 2023",Texas,Lubbock,"9103 Ave P",1,3,0,0,1,N/A
2544566,"March 12, 2023",Texas,Laredo,"4800 block of Roque Loop",0,14,0,0,1,N/A
2544817,"March 12, 2023",Texas,Dallas,"3626 Villaverde Ave",4,0,0,0,2,N/A
2543748,"March 11, 2023","New York",Brooklyn,"E 45th St and Snyder Ave",1,3,0,0,0,N/A
2544920,"March 11, 2023",Washington,Vancouver,"6701 E Mill Plain Blvd",1,3,0,0,2,N/A
2543201,"March 10, 2023",Florida,Hialeah,"14811 NW 87th Ct",4,0,1,0,0,N/A
2541580,"March 7, 2023",Tennessee,Memphis,"2100 block of Labelle St",0,4,0,0,0,N/A
2541937,"March 7, 2023",Arkansas,"Pine Bluff","2611 W 34th St",2,2,0,0,1,N/A
2539814,"March 6, 2023",California,Sacramento,"2200 block of Rogue River Dr",3,1,0,0,1,N/A
2540078,"March 6, 2023",Tennessee,Memphis,"176 Hillview Ave",3,1,0,0,1,N/A
2539582,"March 5, 2023",Illinois,Bolingbrook,"123 Lee Lane",3,1,0,0,1,N/A
2539165,"March 5, 2023",Maryland,"Capitol Heights","1200 block of Elfin Ave",0,4,0,0,0,N/A
2539515,"March 5, 2023",Florida,"Lake City","NW Alma Ave",0,4,0,0,0,N/A
2539065,"March 5, 2023",Louisiana,Shreveport,"4725 Greenwood Rd",0,4,0,0,0,N/A
2539082,"March 4, 2023",California,"Los Angeles","E 76th Place and S Main St",0,4,0,0,0,N/A
2539196,"March 4, 2023",Georgia,Douglasville,"3377 Talkeetna Rd",2,7,0,0,5,N/A
2539531,"March 4, 2023",Missouri,"Cape Girardeau","15 N Main St",0,5,0,0,2,N/A
2538963,"March 4, 2023",California,"San Pedro","Paseo Del Mar and Graysby Ave",0,4,0,1,1,N/A
2536665,"March 1, 2023",Florida,Cocoa,"4075 Alan Shepard Ave",4,0,0,0,1,N/A
2534810,"February 27, 2023",Tennessee,Memphis,"W Essex Ave and Arkansas St",2,2,0,1,1,N/A
2534995,"February 27, 2023",Ohio,"New Richmond","1195 Riebel Ridge",3,1,1,0,0,N/A
2534097,"February 26, 2023",Michigan,Detroit,"10300 block of Greensboro St",2,2,0,0,0,N/A
2534613,"February 26, 2023",Florida,"Pompano Beach","401 NW 27th Ave",2,2,0,0,1,N/A
2534174,"February 26, 2023",Tennessee,Memphis,"4675 S 3rd St",1,4,0,0,0,N/A
2533625,"February 25, 2023",Minnesota,"Saint Paul","500 Dale St N",2,3,0,0,1,N/A
2534393,"February 25, 2023",Illinois,"Machesney Park","1001 West Lane Rd",0,4,0,0,2,N/A
2533920,"February 24, 2023",Louisiana,Abbeville,"1616 Veterans Memorial Dr",0,4,0,0,2,N/A
2532658,"February 23, 2023",Pennsylvania,Philadelphia,"2003-05 N 31st St",0,7,0,0,0,N/A
2531925,"February 22, 2023",Alabama,Daphne,"123 block of Melanie Loop",4,0,0,0,1,N/A
2531512,"February 22, 2023",Florida,Orlando,"6100 block of Hialeah St",3,2,0,0,1,N/A
2531078,"February 21, 2023",Colorado,"Colorado Springs","3945 Palmer Park Blvd",0,5,0,0,0,N/A
2529381,"February 19, 2023",Illinois,Chicago,"I-57 and W 111th St",3,3,0,0,0,N/A
2528691,"February 19, 2023",Indiana,Indianapolis,"8005 42nd St",0,4,0,0,0,N/A
2528713,"February 19, 2023",Tennessee,Memphis,"1482 E Shelby Dr",1,10,0,0,2,N/A
2529243,"February 19, 2023",Louisiana,"New Orleans","St Charles Ave and Terpsichore St",1,4,0,0,1,N/A
2528774,"February 18, 2023",Missouri,"Saint Louis","410 N Tucker Blvd",0,4,0,0,0,N/A
2528505,"February 18, 2023",Georgia,Columbus,"3048 Victory Dr",3,1,0,0,1,N/A
2528239,"February 18, 2023","South Carolina",Loris,"3450 East SC 9 Business",0,4,0,0,0,N/A
2527517,"February 17, 2023",Mississippi,Coldwater,"3196 Arkabutla Dam Road",6,0,0,0,1,N/A
2528066,"February 17, 2023",Georgia,Columbus,"4499 Warm Springs Rd Connector",0,9,0,0,2,N/A
2527234,"February 15, 2023",Maryland,Baltimore,"1400 block of E Fayette St",0,4,0,0,0,N/A
2526362,"February 15, 2023",Texas,"El Paso","8401 Gateway Blvd W",1,3,0,1,1,N/A
2525382,"February 14, 2023",Pennsylvania,Pittsburgh,"1101 N Murtland St",0,4,0,0,2,N/A
2525634,"February 14, 2023","New York",Buffalo,"Crossman Ave and Heminway St",0,5,0,0,0,N/A
2525591,"February 13, 2023","New Jersey",Paterson,"50 block of 12th Ave",0,4,0,0,0,N/A
2524577,"February 13, 2023",Michigan,"East Lansing","509 E Circle Dr",3,5,1,0,0,N/A
2523928,"February 12, 2023",Mississippi,Louisville,"309 E John C Stennis Dr",1,5,0,0,0,N/A
2522649,"February 10, 2023","New York",Brooklyn,"3222 Mermaid Ave",0,4,0,0,0,N/A
2522557,"February 10, 2023","New York",Bronx,"631 E Tremont Ave",2,2,0,0,2,N/A
2521084,"February 8, 2023","North Carolina",Laurinburg,"Marcellus St",0,4,0,0,0,N/A
2521112,"February 8, 2023",Louisiana,"New Orleans","Bullard Ave and Chef Menteur Hwy",2,4,0,0,0,N/A
2521423,"February 8, 2023","North Carolina","Elizabeth City","1000 block of Walker Ave",0,4,0,0,0,N/A
2518860,"February 6, 2023",Texas,"Corpus Christi","2700 block of Persimmon St",1,3,0,1,3,N/A
2518344,"February 5, 2023",Arizona,Tucson,"4000 block of E Agate Knoll Dr",1,3,0,0,1,N/A
2518456,"February 5, 2023",Arkansas,Newport,"400 block of Clay St",1,4,0,0,4,N/A
2518292,"February 5, 2023",California,Stockton,"1300 block of W Fremont St",1,3,0,0,0,N/A
2518281,"February 5, 2023",Colorado,Peyton,"12252 Point Reyes Dr",2,3,0,0,0,N/A
2517797,"February 4, 2023",Texas,Huntsville,"1505 19th St",2,2,0,0,2,N/A
2516494,"February 1, 2023",California,"Los Angeles","711 E. 108 St",0,5,0,0,0,N/A
2516309,"February 1, 2023",Texas,"Texas City","8601 Emmett F Lowry Expy",0,4,0,0,0,N/A
2514902,"January 31, 2023","North Carolina",Durham,"4100 block of Sudbury Rd",2,2,0,0,2,N/A
2514564,"January 30, 2023",Florida,Lakeland,"923 N Iowa Ave",0,11,0,0,5,N/A
2514220,"January 30, 2023",Texas,Dallas,"5800 block of Bonnie View Rd",1,3,0,1,1,N/A
2605383,"January 29, 2023",Tennessee,Luttrell,"380 Clinch Valley Rd",4,0,1,0,0,N/A
2513512,"January 29, 2023",Ohio,Columbus,"1680 Karl Ct",1,3,0,0,1,N/A
2513575,"January 29, 2023","North Carolina",Greensboro,"6400 W Market St",1,6,0,0,1,N/A
2513517,"January 28, 2023","South Carolina",Andrews,"Birch Creek Rd",2,2,0,0,1,N/A
2513496,"January 28, 2023",Texas,Austin,"12636 Research Blvd",2,3,0,0,1,N/A
2513044,"January 28, 2023",California,"Beverly Hills","2799 Ellison Dr",3,2,0,0,3,N/A
2513527,"January 28, 2023",Pennsylvania,Philadelphia,"Knorr St and Loretto Ave",0,4,0,0,0,N/A
2512985,"January 27, 2023",California,"San Diego","62nd St and Akins Ave",1,3,0,0,1,N/A
2512343,"January 26, 2023","New Jersey",Newark,"1079 Broad St",1,4,0,0,0,N/A
2512617,"January 26, 2023",Pennsylvania,Lancaster,"525 N Franklin St",0,4,0,0,0,N/A
2510365,"January 24, 2023","North Carolina","Red Springs","100 block of Samuel Williams Dr",3,1,0,0,1,N/A
2509362,"January 23, 2023",Illinois,Chicago,"2909 E 78th St",2,3,0,0,0,N/A
2510063,"January 23, 2023",California,Oakland,"5910 MacArthur Blvd",1,4,0,0,2,N/A
2509663,"January 23, 2023",California,"Half Moon Bay","12761 San Mateo Rd",7,1,0,0,1,N/A
2508522,"January 22, 2023",Louisiana,Shreveport,"1600 Sugar Ln",1,7,0,0,0,N/A
2508370,"January 22, 2023",Louisiana,"Baton Rouge","4619 Bennington Ave",0,12,0,0,3,N/A
2508683,"January 22, 2023",Mississippi,"Robinsonville (Tunica Resorts)","1010 Casino Center Dr",0,4,0,0,1,N/A
2507836,"January 21, 2023",California,"Monterey Park","122 W Garvey Ave",11,9,1,0,0,N/A
2507423,"January 21, 2023",Arizona,Yuma,"1300 block of W 9th St",0,5,0,0,1,N/A
2504645,"January 17, 2023",Texas,Houston,"6729 Lockwood Dr",0,4,0,0,0,N/A
2503345,"January 16, 2023",California,Goshen,"Harvest Ave and Rd 68",6,0,0,0,2,N/A
2503245,"January 16, 2023",Florida,Sanford,"Rinehart Rd and Co Rd 46A",1,5,0,0,0,N/A
2503649,"January 16, 2023",Florida,"Fort Pierce","Avenue M and N 13th St",1,7,0,0,1,N/A
2503058,"January 15, 2023",Illinois,Rockford,"2311 23rd St",3,1,0,1,0,N/A
2502680,"January 15, 2023",Texas,Houston,"5121 FM 1960 Rd W",1,4,0,0,0,N/A
2503178,"January 15, 2023",Florida,Homestead,"700 block of SW Sixth St",1,3,0,0,0,N/A
2503197,"January 15, 2023",Arizona,Phoenix,"S 46th Pl and E Broadway Rd",0,4,0,0,0,N/A
2502550,"January 14, 2023",Missouri,"Saint Louis (Moline Acres)","Berwyn Dr and Lanier Dr",0,4,0,0,0,N/A
2501869,"January 13, 2023",Ohio,Cleveland,"3719 Mack Ct",4,1,0,0,1,N/A
2499119,"January 9, 2023",Minnesota,Minneapolis,"2218 E Lake St",0,4,0,0,0,N/A
2499381,"January 9, 2023",Pennsylvania,Philadelphia,"3300 block of Guilford St",3,1,0,0,1,N/A
2498792,"January 9, 2023",Colorado,Denver,"18th St and Blake St",0,4,0,0,0,N/A
2498013,"January 8, 2023",Minnesota,Minneapolis,"930 Hennepin Ave",0,4,0,0,0,N/A
2499425,"January 8, 2023",Georgia,Albany,"1021 S McKinley St",0,4,0,0,0,N/A
2497502,"January 7, 2023","North Carolina","High Point","2734 Mossy Meadow Dr",4,0,1,0,0,N/A
2497948,"January 7, 2023",Alabama,Huntsville,"2817 Hwy 72 E",2,9,0,0,3,N/A
2496714,"January 6, 2023",Texas,Dallas,"8544 Lazy Acres Cir",3,2,0,0,1,N/A
2497164,"January 6, 2023",California,"San Francisco","600 block of Valencia St",1,3,0,0,0,N/A
2496431,"January 5, 2023",Louisiana,"New Orleans","St Andrew St and Rev John Raphael Jr Way",2,3,0,0,0,N/A
2496391,"January 5, 2023",Florida,"Miami Gardens","17647 NW 27th Ave",0,10,0,0,0,N/A
2495648,"January 4, 2023",Utah,"Cedar City (Enoch)","4923 N Albert Dr",7,0,1,0,0,N/A
2494934,"January 4, 2023",Maryland,Baltimore,"4408 Edmondson Ave",1,4,0,0,1,N/A
2495059,"January 4, 2023",Virginia,Dumfries,"17900 block of Milroy Dr",1,4,0,0,1,N/A
2494254,"January 3, 2023","District of Columbia",Washington,"6200 block of Georgia Ave NW",1,3,0,0,0,N/A
2494425,"January 3, 2023",Louisiana,"New Orleans","2600 block of S. Rocheblave St",0,5,0,0,0,N/A
2492601,"January 1, 2023",Illinois,Chicago,"300 block of E 57th St",1,3,0,0,0,N/A
2497601,"January 1, 2023",Florida,"Miami Gardens","NW 171st St and NW 30th Ave",0,9,0,0,0,N/A
2492611,"January 1, 2023","North Carolina",Durham,"1000 N Miami Blvd",0,5,0,0,0,N/A
2493102,"January 1, 2023",Pennsylvania,Allentown,"1140 E Clair St",0,4,0,0,0,N/A
2492448,"January 1, 2023",Florida,Ocala,"1600 block of SW 5th St",2,4,0,0,1,N/A
2492314,"January 1, 2023",Ohio,Columbus,"2830 Johnstown Rd",1,4,0,0,2,N/A